poster_link,series_title,genre,imdb_rating,meta_score,no_of_votes,gross,mood,time_of_day,weather,temperature,total_length
"https://m.media-amazon.com/images/M/MV5BMzg2YTFkNjgtM2ZkNS00MWVkLWIwMTEtZTgzMDM2MmUxNDE2XkEyXkFqcGdeQXVyMjI4MjA5MzA@._V1_UX67_CR0,0,67,98_AL_.jpg",Harvey,"comedy, drama, fantasy",7.9,,52573,,happy,evening,cloudy,28,104
"https://m.media-amazon.com/images/M/MV5BMTUxMzQyNjA5MF5BMl5BanBnXkFtZTYwOTU2NTY3._V1_UX67_CR0,0,67,98_AL_.jpg",The Green Mile,"crime, drama, fantasy",8.6,61.0,1147794,"136,801,374",sad,morning,rainy,30,189
"https://m.media-amazon.com/images/M/MV5BNzdmZTk4MTktZmExNi00OWEwLTgxZDctNTE4NWMwNjc1Nzg2XkEyXkFqcGdeQXVyNjc1NTYyMjg@._V1_UX67_CR0,0,67,98_AL_.jpg",Doctor Zhivago,"drama, romance, war",8.0,69.0,69903,"111,722,000",sad,night,rainy,16,197
"https://m.media-amazon.com/images/M/MV5BYWUxMzViZTUtNTYxNy00YjY4LWJmMjYtMzNlOThjNjhiZmZkXkEyXkFqcGdeQXVyMDI2NDg0NQ@@._V1_UX67_CR0,0,67,98_AL_.jpg",Gilda,"drama, film-noir, romance",7.7,,27991,,sad,evening,sunny,36,110
"https://m.media-amazon.com/images/M/MV5BYmYxZGU2NWYtNzQxZS00NmEyLWIzN2YtMDk5MWM0ODc5ZTE4XkEyXkFqcGdeQXVyNTA4NzY1MzY@._V1_UX67_CR0,0,67,98_AL_.jpg",Duck Soup,"comedy, musical, war",7.8,93.0,55581,,happy,evening,stormy,20,69
"https://m.media-amazon.com/images/M/MV5BYjE2OTdhMWUtOGJlMy00ZDViLWIzZjgtYjZkZGZmMDZjYmEyXkEyXkFqcGdeQXVyNzkwMjQ5NzM@._V1_UX67_CR0,0,67,98_AL_.jpg",The Third Man,"film-noir, mystery, thriller",8.1,97.0,158731,"449,191",angry,evening,sunny,28,104
"https://m.media-amazon.com/images/M/MV5BOGNlNmRkMjctNDgxMC00NzFhLWIzY2YtZDk3ZDE0NWZhZDBlXkEyXkFqcGdeQXVyODIwMDI1NjM@._V1_UX67_CR0,0,67,98_AL_.jpg",Baahubali 2: The Conclusion,"action, drama",8.2,,75348,"20,186,659",sad,afternoon,sunny,22,167
"https://m.media-amazon.com/images/M/MV5BYzM3YjE2NGMtODY3Zi00NTY0LWE4Y2EtMTE5YzNmM2U1NTg2XkEyXkFqcGdeQXVyMTY5Nzc4MDY@._V1_UX67_CR0,0,67,98_AL_.jpg",The African Queen,"adventure, drama, romance",7.7,91.0,71481,"536,118",sad,afternoon,stormy,30,105
"https://m.media-amazon.com/images/M/MV5BYjZjOTU3MTMtYTM5YS00YjZmLThmNmMtODcwOTM1NmRiMWM2XkEyXkFqcGdeQXVyNjc1NTYyMjg@._V1_UX67_CR0,0,67,98_AL_.jpg",The Adventures of Robin Hood,"action, adventure, romance",7.9,97.0,47175,"3,981,000",excited,evening,rainy,19,102
"https://m.media-amazon.com/images/M/MV5BZDVhNzQxZDEtMzcyZC00ZDg1LWFkZDctOWYxZTY0ZmYzYjc2XkEyXkFqcGdeQXVyMjA0MDQ0Mjc@._V1_UX67_CR0,0,67,98_AL_.jpg",The Odd Couple,comedy,7.7,86.0,31572,"44,527,234",happy,morning,rainy,27,105
"https://m.media-amazon.com/images/M/MV5BMTQ0MzQxODQ0MV5BMl5BanBnXkFtZTgwNTQ0NzY4NDE@._V1_UX67_CR0,0,67,98_AL_.jpg",Darbareye Elly,"drama, mystery",8.0,87.0,45803,"106,662",sad,evening,stormy,30,119
"https://m.media-amazon.com/images/M/MV5BZWE4N2JkNDUtZDU4MC00ZjNhLTlkMjYtOTNkMjZhMDAwMDMyXkEyXkFqcGdeQXVyMTA0MjU0Ng@@._V1_UX67_CR0,0,67,98_AL_.jpg",All That Jazz,"drama, music, musical",7.9,72.0,28223,"37,823,676",sad,evening,rainy,30,123
"https://m.media-amazon.com/images/M/MV5BMmYwNWZlNzEtNjE4Zi00NzQ4LWI2YmUtOWZhNzZhZDYyNmVmXkEyXkFqcGdeQXVyNzYzODM3Mzg@._V1_UX67_CR0,0,67,98_AL_.jpg",Paddington 2,"adventure, comedy, family",7.8,88.0,61594,"40,442,052",happy,evening,stormy,32,103
"https://m.media-amazon.com/images/M/MV5BMjI5NjEzMDYyMl5BMl5BanBnXkFtZTgwNjgwNTg4NjE@._V1_UY98_CR3,0,67,98_AL_.jpg",Awakenings,"biography, drama",7.8,74.0,125276,"52,096,475",sad,afternoon,stormy,39,121
"https://m.media-amazon.com/images/M/MV5BMjI2ODE4ODAtMDA3MS00ODNkLTg4N2EtOGU0YjZmNGY4NjZlXkEyXkFqcGdeQXVyMTY5MDE5NA@@._V1_UY98_CR0,0,67,98_AL_.jpg",Celda 211,"action, adventure, crime",7.6,,63882,,excited,evening,cloudy,39,113
"https://m.media-amazon.com/images/M/MV5BYjRmY2VjN2ItMzBmYy00YTRjLWFiMTgtNGZhNWJjMjk3YjZjXkEyXkFqcGdeQXVyNjc1NTYyMjg@._V1_UX67_CR0,0,67,98_AL_.jpg",Gi√π la testa,"drama, war, western",7.6,77.0,30144,"696,690",sad,evening,stormy,20,157
"https://m.media-amazon.com/images/M/MV5BOTMyMjEyNzIzMV5BMl5BanBnXkFtZTgwNzIyNjU0NzE@._V1_UX67_CR0,0,67,98_AL_.jpg",Zootopia,"animation, adventure, comedy",8.0,78.0,434143,"341,268,248",happy,morning,stormy,16,108
"https://m.media-amazon.com/images/M/MV5BMmNhZmJhMmYtNjlkMC00MjhjLTk1NzMtMTNlMzYzNjZlMjNiXkEyXkFqcGdeQXVyMTQxNzMzNDI@._V1_UX67_CR0,0,67,98_AL_.jpg",Patton,"biography, drama, war",7.9,91.0,93741,"61,700,000",sad,night,sunny,25,172
"https://m.media-amazon.com/images/M/MV5BYTM3ZTllNzItNTNmOS00NzJiLTg1MWMtMjMxNDc0NmJhODU5XkEyXkFqcGdeQXVyODE5NzE3OTE@._V1_UX67_CR0,0,67,98_AL_.jpg",Kingsman: The Secret Service,"action, adventure, comedy",7.7,60.0,590440,"128,261,724",happy,morning,cloudy,17,129
"https://m.media-amazon.com/images/M/MV5BMWU4ZjNlNTQtOGE2MS00NDI0LWFlYjMtMmY3ZWVkMjJkNGRmXkEyXkFqcGdeQXVyNjE1OTQ0NjA@._V1_UY98_CR0,0,67,98_AL_.jpg",Uri: The Surgical Strike,"action, drama, war",8.2,,43444,"4,186,168",sad,night,cloudy,31,138
